{"iSze1RwBg2saGnOM0LTTBQ==":"background5.jpg","ySBs+/SkZS33ElkfSuMsjg==":"iphone.png","mdPyLqZ4u21oBaVVuPcZdQ==":"background1.jpg","PfV0tuRPCaNdJL4PdqcLUg==":"01.jpg","I3dpCgo5h4HeghoXzxai2w==":"background3.jpg","iC6LUMbLVzZipylMDZcJgg==":"13.png","TMF1jlcciX7C7Sm10UZmDw==":"9-900x450.png","zSk84Z+bJelq5vgHhGaACg==":"1.png","fXBNROKYlFB39u4gFADVgw==":"4.png","IFkUzJOloUgjwdFOryeTnQ==":"2.png","6gkTFaey/arCMNX0WODUqA==":"5.png","t6Ct1dIP4oxqw43JUBPTWw==":"3.png","o0TQaD/CvJE7TYmo2flfHw==":"6.png","K/cWLkJAb4osWkCEMXc6Ow==":"7.png","JcaHe6WjI7KIqpNiq2Hy5w==":"background2.jpg","vd9AXrYtznK7E7KlSMwJVA==":"pontal-tech-color-horizontal-122x28.png","S8zYeGm4ExgwhtAp7VYggA==":"pontal-tech-color-horizontal-v-196x52.png","UkjiAv6Kcr+GDCjay/Tymg==":"11.jpg","BaokzyGhZkQRMLWHGuUSAg==":"background6.jpg","svFQXSdSisnkKNRox3u7EA==":"12.jpg","s76QP4WHfetbA3dfq8AMfA==":"background11.jpeg","kJXQpL7b88SAcL3lu1nJfg==":"14.png","kErjbJZsHtCpvu/pBbezZw==":"logo_insta-110x110.png","DxZQDM2tk92FUncDFPnOIQ==":"mbr-1920x1202.jpg","d4xTxD805lMj0f5V2AXlsg==":"mbr-1920x1217.png","sTJYnCOpziSRup4wrnTiVg==":"mbr-1-1920x1217.png","u0Y2sQNiIrpi7tpY1igDsA==":"mbr-2-1920x1217.png","nfJOjXandgEd5skdACSOjA==":"mbr-3-1920x1217.png","mO3bf8xyzUayEeXIHFHk7A==":"pontal_sms_neg_cinza-122x41.png","KWa3tcnEmIN8uEKIW5VQww==":"mbr-4-1920x1217.png","n3sRslpMPded6+cq6Sm/WQ==":"mbr-5-1920x1217.png","cZXJsjq71ccGfkg16apFHQ==":"mbr-6-1920x1217.png","RMmags6N7Idg0FbU6HvPJw==":"mbr-7-1920x1217.png","Jb55Iq0mq7QQARVH9fQBsw==":"mbr-8-1920x1217.png","ep8H6lY0o0wbOUNmO7eXuQ==":"mbr-9-1920x1217.png","GiS+rVQYTt34+mADMD4ixQ==":"sms-122x102.png","pdgBtGTswuAZrsBnV6yJ7w==":"sms-240x200.png","jSxChuPBaqN6JPhzfE0XnQ==":"pontal_sms_neg_roxo-308x104.jpg","R5gqcWbX0BJ4uu5raKX3Og==":"pontal_sms_neg_roxo-454x153.png","WW0/Yp5vtC5i0dd/IxS0WA==":"mbr-10-1920x1217.png","c4PCl5Tlo5Il/x9x2wo6Pg==":"mbr-11-1920x1217.png","Unhyz85vj9ILM6Pdgs6lww==":"mbr-12-1920x1217.png","Vvq4TgpiOcJHgpk6u6WS8Q==":"iphone-x-mockup-png-1080x1080.png","0XL5Pb+htZHPbbePDfl1kw==":"mbr-1080x737.png","earhdt+RlI6jGDDeIpotAw==":"pontal_sms_neg_cinza-1920x646.png","YO3Y8QDu6rMDf8I9BUzVrg==":"pontal_sms_neg_cinza-308x104.png","jeYqQG3OltdCNApK6Zygjw==":"iphone-x-mockup-png-780x780.png","nmNpb0AWC8u8Rll6+Ok20w==":"mbr-540x379.jpg","zuXKu4BsEcpDtiZvTRGlVA==":"5-1.png","y0WbSb/jS1bXODiSqrvOJA==":"mbr-540x379.jpeg","3gDcT6xdFqa6feDFiHWppg==":"mbr-540x440.png","LtPE2C7V8kB9jp0hY+xieg==":"mbr-1-540x440.png","hXadsqMnQtfigxUWkDGDtw==":"mbr-540x327.jpg","DBZ/grdpBD1/H8GRemMWCQ==":"mbr-540x264.jpg","x4lbQ+HMfdgKe+CxCsxzKA==":"mbr-540x264.jpeg","IF8yEVitDTFfvr3ibSYxbw==":"mbr-540x327.jpeg","uBDFVSRDot2uDVQVzzIlVQ==":"mbr-1920x1389.png","KuNxXWuk5MvZ2wYZx8q8cg==":"mbr-1-1920x1389.png","1eXL86af1OpiBoG6JUMnuQ==":"mbr-2-1920x1389.png","VwgBvG3nawtsoBc3vMb+ZA==":"mbr-3-1920x1389.png","73dlw3nUwJeMrMBKMz60KQ==":"logo_insta-1-110x110.png","3TOpBLsgFo+/fQPyGE59eQ==":"pontal_tech_color_horizontal-2000x459.png","CpEQQL60rU5IkniktFwKxg==":"pontal_tech_color_horizontal-1-2000x459.png","P4XaTtc+ODKH3jhUKZ6IQQ==":"pontal_tech_color_horizontal-2-2000x459.png","3rN7MGqd6usAt/XSzTZ+PQ==":"pontal_tech_color2-1-2000x1414.png","SZXaSY9xvV9M+sFe1mwf8A==":"pontal_tech_color2-2-2000x1414.png","5cgyMSJYXGMTqSa+nFWwfw==":"pontal_tech_color2-3-2000x1414.png","/5TxP6rB5Xsj6wML99MSww==":"logo2-1.png","ibIE3c/2EhH0WMZKP3+16w==":"background8.jpg","M7GcwijVAh9Xe3liQkc2xQ==":"pontal_tech_color_horizontal-200x46.png","L9gZIo8Uv4NzSQZa+PSBPQ==":"ld-2-2000x834.jpg","IVIupS4RmBuNzH05gpcHbg==":"ld_prancheta%201-2000x833.jpg","WpSx7RgUftD/ya8Kn90AHQ==":"ld_prancheta%201-2000x833.jpeg","JBhoa/aTF0yIcSq/4aAYTg==":"ld-3-2000x833.jpg","S64RawSoHzEyYMcAGNsswA==":"ld-3-2000x833.jpeg","MVDfEru8WkLQ866A9u0KvA==":"ld-4-2000x833.jpeg","VbZ+pC2bY7GXKXYRleb3iA==":"ld-5-2000x833.jpeg","KUEX3zuYyPA1KFFuSHOHkA==":"face1.jpg","Ke2v8WPQoUFkz+hI3JF+Xw==":"1_prancheta%201.svg","TJoeAC///YbFtNi33INczQ==":"2_prancheta%201.svg","M3Ss6p23F8jnzQAODwBX6w==":"3_prancheta%201.svg","BKs43DqiibXuMUdoE1dm7Q==":"4_prancheta%201.svg","Eo6+o96m5ffH+2r8BXLAjQ==":"ld-6-2000x833.jpeg","CxYmsXJQbca2nX7Yx6fsaA==":"ld-7-2000x833.jpeg","xlSrlakIdWC0DP1wxjjyJg==":"businessintelligence-1-2000x833.jpg","pOQwuwJQgeMx6naY9FcjBA==":"businessintelligence-1-2000x833.jpeg","z6fTt5zKJG2YoPC02Mxmjw==":"businessintelligence-2-2000x833.jpeg","6ONvU6CxMMhrb1g7t1WuTw==":"background7.jpg","Wul2y82nVjBsAsn2GOiHIg==":"mbr-4-1920x1389.png","4Rfh/cQDRzOEFiRgVJnL7w==":"ld_prancheta%201-2000x833.jpeg","Zf9gFo4CiUR7UrJCwNgbXA==":"ld_prancheta%201-2000x833.jpeg","tPD8Mhn/eocrdOXrelI90Q==":"phone%C2%B41_prancheta%201-766x662.png","IyiEtf3AuxDwmMuqr8A+GQ==":"phone%C2%B41_prancheta%201-766x662.png","WpivlttIbDHvL/wygsJnrg==":"ld_prancheta%201-766x319.jpeg","7/ZCdVQ4iGvFUREGogvmeA==":"ld_prancheta%201-766x319.jpeg","eHemM+ICVwMe6xy12d9D0g==":"ld_prancheta%201-766x319.jpeg","l1NW2L+nz2bLFulbhvXMWg==":"ld_prancheta%201-766x319.jpeg","ac83DQV/itBvdJQca/79ig==":"ld_prancheta%201-766x319.jpeg","m1M77tS/tuuieKtqqwOYIA==":"ld_prancheta%201-766x319.jpeg","ilo+eBV0u8pr4VIqzGklCQ==":"ld_prancheta%201-766x319.jpeg","XPCpj3EZszFx+Onz+Nx5mQ==":"ld_prancheta%201-766x319.jpeg","hLaSXTtLUcS0rbGUgaym2g==":"ld_prancheta%201-766x319.jpeg","DtKGKD4+K3nc2FCEeWdA6g==":"phone%C2%B41_prancheta%201-766x662.png","CuZnQU/rlamEMNLDuzvkSA==":"phone%C2%B41_prancheta%201-766x662.png","tnKXsPi/mKLNc2oL/SSSPg==":"background1.jpg","y28a7JheZX5f+yYXJutIFg==":"15.png","2UzFqS7+bn+4b8pRJyocBA==":"businessintelligence-1-1080x450.jpeg","hkVNsR3bxrP37j4BZEIPhA==":"businessintelligence-1-573x416.png","BhssCtN/lEBHLxzmeNFP8w==":"imagem_costumiza%C3%A7%C3%A3o-1098x657.jpg","ud/OsywlDdjd4ni8zzvW0w==":"verticais2-1-1038x433.png","+MFD3pHtm2quBdYHnm8mXg==":"verticais2-2-1038x433.png","8ZvFLtYlxFrPfBzIjN9lmQ==":"verticais2-3-1038x433.png","utBglxqQpYvmmfg8CkaNLg==":"phone-3-547x793.png","vNFd5B6oAKUZavKpaTrBoA==":"verticais2-1-1494x623.png","FSWVkGBAP3J6f6CUG8f4vg==":"verticais2-2-1494x623.png","FjncO7YRHhYiKv82Z1S+ZA==":"verticais2-3-1494x623.png","LqnOnRNnPe7omawVApnQ3g==":"verticais2-4-1494x623.png","yfhmqbAk4lwC11ZO6DkLzw==":"verticais2-5-1494x623.png","Inxtaxw4TvdFbznIZs1/Rg==":"x_prancheta%201-1361x402.png","Fap9AmbFBcKFgv5s0iHvOA==":"x_prancheta%201-1361x402.png","ySLpkBbc6I/VYXA/Bso6Wg==":"pontal_sms_neg_cinza-1-200x59.png","vSvHhHrLprfrXOICgy7TgA==":"pontal_sms_neg_cinza-2-200x59.png","u1WYWnhIvgzisqUS2rXLwA==":"pontal_sms_neg_cinza-1-122x36.png","lpLo1Ygo/nCJI6Ac0/F2oQ==":"phone-4-547x793.png","u0PvbLmhi7ue1wTFwnTHGw==":"verticais2-1-1080x450.png","3bAWb6zybSDynLUl+Dc2Mg==":"phone-5-547x793.png","F2xDdDpDn9wsYDqnXAzDKw==":"pontal_sms_neg_cinza-1-140x41.png","llH6/RqGrLGIWd/yUO7WPw==":"x_prancheta%201-1361x402.png","C7nqkAuatuuZG5S0jYCz7A==":"x_prancheta%201-1361x402.png","Os3JCfuFUK6fjj0ksiWcow==":"x_prancheta%201-1361x402.png","X7DghbHVsrYiuz1f+5Orug==":"x_prancheta%201-1361x402.png","lOQQnSBzHfokDzGjJTuC9w==":"verticais-1-1080x450.png","BkVfPY2zSgr9Apr/tAWfGw==":"verticais2-6-1494x623.png","E8Ak4tF2FxiiSlMO4UIClQ==":"verticais2-1-1050x438.png","nOUXEzODww3/5gzsu7zMKQ==":"verticais2-2-1050x438.png","ZNpLyOv/V/lR9pItBbaUbg==":"verticais2-3-1050x438.png","aK4jRk1Lwf4VxvwfURDcqA==":"phone-6-547x793.png","xpT3D9l9p/PUVhKjUSCDyw==":"phone-7-547x793.png","EP6RiF0sEch+LDzcA1B8ug==":"phone-8-547x793.png","OxZV01FWGKdhoQvLZwQWjg==":"verticais2-7-1494x623.png","Tcnk/lPWFMeuFX0xa6KmCA==":"verticais2-8-1494x623.png","zk8pDwnALSy6gp5wUIYwEw==":"verticais2-1-844x352.png","8F7+t1B4CXgy0fxD3zgf/Q==":"verticais-2-1106x461.jpg","/xe9I3NyaQZYWDMQ5KzzRA==":"verticais-2-1260x525.jpg","9jbM20yRI5MAMQZH9gOFoA==":"verticais-2-900x375.jpg","0LPAlSsKUc2mRP/DHVMnLg==":"verticais-2-900x375.jpeg","aCSNcoiYkIhG4Fl1Mf5Sqg==":"verticais2-9-1494x623.png","5hyRn3kJCIGgIzwPrcwp6g==":"arte_costumiza%C3%A7%C3%A3o-10-762x456.png","0EYRWCnI+ZmOOw01ADAW8A==":"businessintelligence-2-573x416.png","9VYQa2Pmg0E8sAi/ZU6XOA==":"businessintelligence-3-573x416.png","u6wvPjCdR3k4aev3WT6l9w==":"businessintelligence-4-573x416.png","zne33bWdil3ucndvsdPh9Q==":"businessintelligence-5-573x416.png","QpaZw45og/xkaCtjkgfpqw==":"businessintelligence-6-573x416.png","oSNjRocxQlkkZoiGN1Evdg==":"vesrticais_phone-3-418x374.png","1Yo6/jIIK75aDy2wE6atvQ==":"vesrticais_phone-4-418x374.png","/XmIqJ+1eIEGJpOFEzaoqg==":"vesrticais_phone-5-418x374.png","jOMfAsZ3SKgxbLw2K1+HUQ==":"vesrticais_phone-6-418x374.png","q1Yia7HBhggRfKGhQlVHLQ==":"vesrticais_phone-7-418x374.png","SIOKGNp8mlWyHaEGT7vORQ==":"arte_costumiza%C3%A7%C3%A3o-10-762x456.png","sbU6hQl1mggKCNxlgKKuDA==":"ld-11-762x456.png","RAM5Fv5HZksVv2NglyVQDA==":"ld-12-762x456.png","OENI91vrWPD4DPhbipk6Uw==":"phone2-1-603x704.png","B1s6L0zJ1lyqsIctawjvnw==":"verticais-1-1026x1107.jpg","gBhu1GIWLeR6bsQKte+02A==":"verticais-1-1110x1198.jpeg","DW839uF9dN/E15ctu6Htgw==":"pop_up_lp-1-770x531.png","6agwtpHiYFWhrUvG+La/LA==":"pop_up_lp-2-770x531.png","bzi0aXFIyA9v5bvi21GhdA==":"pop_up_lp-3-770x531.png","GbVOA5iATJE7CdSt7/a5xg==":"pop_up_lp-4-770x531.png","QYalwMq9vSh261JY6xPYqQ==":"phone-9-547x793.png","gNJcXM9VXVZktn2aikcIUg==":"arte_costumiza%C3%A7%C3%A3o-10-762x456.png","WgTqbTA+WRMJp3NOMvZp9Q==":"ld-13-762x456.png","V0DVqBdnkFoirWjUJVa3XQ==":"phone-10-547x793.png","X8xes9VIJeH1AIl6cEKMJA==":"herobanner-3-688x998.jpg","J+DFWxByv5G1e4KSJLda1g==":"herobanner-3-688x998.jpeg","krYmMHvqxBNhKNSqtw7FMw==":"herobanner-3-900x1305.jpg","sleUDVhH9MDal/iC4+pV8g==":"herobanner-3-900x1305.jpeg","CMOT9jkeRA0b1+QnXvuAaw==":"herobanner-3-547x793.png","a6Ak8c7upc001HrvCtLYAw==":"herobanner-4-547x793.png","lYtqGTO6el84pPqwZnzQ1Q==":"herobanner-5-547x793.png","F3x1dsnCHYiNFl0onUlKsg==":"herobanner-6-547x793.png","LthcHCEXtN4J6AjWhdNEFA==":"herobanner-7-547x793.png","Fn5gEei5b0UQxYSjWtvxNg==":"herobanner-8-547x793.png","Pg7d82uaZReiGN7Bvyvz+A==":"pop_up_lp-02%20(1)-670x197.png","F7tnBNJmoGmpqQb3gDoqWQ==":"herobanner-9-547x793.png","bog9CtE6S5n1iItIWVV71w==":"herobanner-10-547x793.png","nrzR9hpfgAAL3//2wkXCOg==":"herobanner-11-547x793.png","tLxsCTh5ke4+k7LgOQRXNw==":"herobanner-12-547x793.png","/7Cg4+DpC1TzOlo3kRZYHA==":"herobanner-13-547x793.png","Btd1zoFWos/kqUW6o2QKHw==":"herobanner-14-547x793.png","QibX+Ln1bnqBGKChp4xbMw==":"herobanner-15-547x793.png","/h4J+XiiQEJSlMwhlJCNzQ==":"herobanner-16-547x793.png","Lzfpf0z4IpsssmuDwm1XHQ==":"background8-1.jpg","lEm8lvIHr5X1jtdth2Depg==":"herobanner-17-547x793.png"}